#Flocking_rules,1
100123305,1
100123345,1
1=January,1
20130208,1
20130311,1
20130409,1
20130507,1
20130605,1
20130703,1
20130801,1
<Strings>,1
APP_HEIGHT,2
APP_WIDTH,2
ASTEROID_MAX_SPEED,4
Abbruchkriterium,10
Abenteuer,2
Abenteurer,1
Abfeuern,1
Abgerufen,2
Abhängig,1
Abhängigkeit,1
Abhängigkeiten,2
Abkürzung,1
Abschließend,1
Abspielen,2
ActionEvent,9
ActionEvents,1
ActionListener,2
AddTwoIntegers,2
Addition,3
Additionen,1
Adressen,1
Adventure,1
AdventureKarel,1
AircraftCarrier,1
Aktienindex,1
Aktienkurse,6
Aktienkursen,1
Aktienkürzel,1
AlarmClock,1
Alarmuhr,1
Alarmzeit,1
Algorithmen,1
Alignment,1
Allerdings,24
Allgemeinen,3
Alphabetschrift,1
Alternativ,2
Alternativen,1
AnalogClock,1
Analysieren,2
Andernfalls,1
Anfangsbedingung,1
Anfangsbedingungen,1
Anfangsgeschwindigkeiten,1
Anforderung,1
Anforderungen,7
Anforderungsanalyse,2
Anführungsstrichen,1
Anführungszeichen,4
Angenommen,1
AngryCanon,1
Angsthase,1
AnimatedPacman,1
Animation,5
Animationen,6
Anmerkung,5
Annahmen,2
Ansatzes,2
Ansonsten,8
Anstelle,4
Antworten,8
Anweisung,11
Anweisungen,1
Anwendung,18
Anwendungen,2
Anwengung,1
Anzeigen,2
Apfelmännchen,1
Apostrophen,1
Applikation,1
Arbeiten,2
Arcadenspiele,1
Archäologen,1
Argument,1
AriadneKarel,1
ArithmeticException,1
ArrayIndexOutOfBoundsException,1
ArrayList,27
ArrayList<Article>,4
ArrayList<Cart>,2
ArrayList<Double>,1
ArrayList<GObject>,3
ArrayList<Question>,1
ArrayList<StockEntry>,2
ArrayList<String>,17
ArrayList<String>>,2
ArrayListen,1
ArrayLists,1
Assignments,1
Associate,1
Asterisk,1
Asteroid,1
AsteroidConstants,1
AsteroidCreator,2
Asteroiden,20
Asteroids,11
Attribute,10
Attributen,2
Attribution,1
AudioClip,4
Aufräumen,1
Aufträge,1
Aufwärmübung,1
Ausdruck,10
Ausdrucks,1
Ausdrücke,6
Ausdrücken,1
Auseinanderschneiden,1
Ausfallsicherheit,1
Ausführen,1
Ausgaben,3
Ausgabennummer,2
Ausgangbahnhof,1
Ausgangsbahnhof,3
Ausgangsbahnhöfe,1
Ausgangswort,3
Ausgefüllte,1
Ausnahme,1
Ausrufezeichen,1
Aussehen,1
Ausserdem,8
Austragungszeit,1
Auswahlmöglichkeiten,1
Auswertung,1
Autorennspiel,1
Außerdem,12
AverageTwoIntegers,2
BALL_DIAM,5
BALL_OFFSET,1
BALL_SIZE,2
BLOCK_SIZE,4
BOARD_SIZE,2
BRICK_SIZE,5
BULLET_SIZE,2
BULLET_SPEED,4
Backsteinen,2
Bahnhöfen,1
Baseline,1
BattleShip,2
Battleship,1
Bedingung,4
Bedingungen,7
Befindet,1
Beginnen,1
Beispiel,68
Beispielcode,1
Beispiele,21
Beispielen,6
Beiträge,1
Bekannte,1
Bekanntschaft,2
Beliebtheit,1
Benutzen,4
Benutzer,26
Benutzerin,5
Benutzername,2
Benutzernamen,4
Benutzeroberfläche,3
Benutzeroberflächen,2
Berechnung,4
Berechnungen,1
Berechtigung,1
Berufsakademie,1
Berührung,1
Beschreiben,5
Beschreibung,3
Beschreibungen,1
Beschriftungen,1
Besonderheit,1
Betrachten,9
Beträgen,1
Bevölkerung,2
Bewegung,2
Bewunderung,1
Beziehung,4
Bibliothek,5
Bidlschirm,1
BigMoney,1
Bildbearbeitungsprogramm,1
Bildmanipulation,1
Bildmanipulationen,2
Bildquelle,1
Bildschirm,10
Bildschirmrand,1
Bildschirms,3
Bildverarbeitung,2
Billiard,3
Billiards,1
BirdFlocking,1
Blackjack,3
BlueRect,3
Bogenschießen,2
Bolidiger,1
Bonbontüte,1
Boolesche,3
BorderLayout,4
BorderLayouts,1
Breakout,4
Breakout_,1
Breitengraden,1
Buchautor,1
Buchstabe,4
Buchstaben,22
Buchstabenspiel,1
BufferedDingens,1
BufferedReader,14
BuildIndex,1
BuilderKarel,1
Bundesstaat,1
Bundesstaaten,1
Bundesstaates,1
Bushnell,2
ButtonGroup,3
Buttongroup,1
CAR_SPEED,1
CELL_WIDTH,2
CITY_SIZE,2
Calculator,5
CamelCase,1
CarSymbol,1
CashRegister,1
Challenges,4
Chapters,1
Character,7
Checkbox,2
Checkboxes,6
ChessBoard,2
CityAtNight,2
Codefenster,1
Codeschnipsel,2
Codezeilen,1
Cohesion,1
ColorImage,1
Combobox,1
Comboboxes,2
Compiler,1
ComponentEvent,4
ComponentListener,3
Computer,24
Computern,1
Computers,5
Computerspiel,1
Computerspiele,1
Computerzeit,1
Computing,2
Confetti,4
ConnectTheClicks,1
ConnectTheClicks®,1
ConnectTwoMovingPoints,5
ConsoleProgram,31
ConsoleProgramm,2
ConsolePrograms,2
ConsolenProgram,1
Constructor,1
ConvertFeetToInches,2
Conways_Spiel_des_Lebens,1
CopyFile,1
Copyright,1
CountDown,3
CountUpperCase,1
Countdown,3
CounterWithWhile,1
CreateFileWithRandomNumbers,1
Creative,2
Croupier,1
DARK_GRAY,1
DASH_JUMP,2
DASH_SIZE,3
DASH_X_POS,1
DASH_Y_POS,1
Darstellungsteil,1
DateAndTime,1
Dateinamen,3
Datenbank,7
Datencontainer,2
Datenkapselung,1
Datenstruktur,2
Datenstrukturen,4
Datentyp,29
Datentype,1
Datentypen,6
Daumenregel,1
DayOfTheWeek,3
December,1
Definieren,2
Definition,2
Deklaration,6
Deklarieren,1
Dekrement,1
Destroyer,1
Deswegen,22
Desweiteren,1
Deutschen,1
Dezember,1
Diagonale,1
Diagramm,2
Dialogfenster,1
Dictionary,5
Digitaluhren,1
Disziplin,1
Division,10
Documentation,1
DonkeyKongKarel,1
Donkey_Kong_,1
DoubleBeeper,1
DoubleBeeperKarel,2
DoubleBeepersKarel,1
DrawingEditor,5
Druchmesser,1
DrunkenWalk,1
Duplizierung,1
Durchgangs,1
Durchmesser,3
Durchschnitt,3
EasterEggKarel,1
Education,1
Effektiv,2
Ehrenkodex,1
Eierkarton,1
Eigenschaft,2
Eigenschaften,5
Eigentlich,5
Eindimensionale,1
Eindruck,1
Einfachvererbung,1
Einfügen,1
Einführung,3
Eingaben,4
Einkaufswagen,1
Einlesen,1
Einsammel,1
Einschränkung,1
Einsichten,1
Eintrags,1
Einträge,5
Einzelnen,1
Einzelteile,2
Elemente,4
Elementen,2
Ellipsen,1
Elternklasse,7
Elternklassen,1
Empfehlungen,3
Endlosschleife,13
Endpunkte,1
Endungen,1
Engineering,5
Englisch,7
Englischen,6
Entscheidungen,1
Entschlüsseln,1
Entweder,1
Entwickler,2
Entwicklern,2
Entwicklungsumgebung,1
Enzyklopädie,4
Epilogue,1
Erdkugel,1
Ereignis,2
Ereignisse,2
Erfahrung,1
Ergebnis,6
Erinnern,6
Erklären,3
Erklärungen,1
Erkunden,1
Erkundung,1
Erkundungsspiel,1
Erweiterung,2
Erweiterungen,12
Erzeugung,1
Evaluation,1
ExamStatistics,1
Exception,7
Exceptions,5
Exisitiert,1
Exkulsiven,1
Expression,1
FIELD_SIZE,5
Factorial,2
Fahrenheit,4
Fahrplan,4
Fahrpläne,1
Fakultät,3
Fakultäten,3
Faltungsmatrix,2
Farbabstufungen,1
Farbarray,1
Farbbild,1
Farbpalette,2
Farbstift,1
FavoriteColor,2
February,1
Feedback,1
Fehlerbehandlung,2
Fehlermeldung,1
Fehlversuche,1
Feinheit,1
Fenstergröße,1
Fensterputzen,1
Fensterreihen,1
Fensters,3
Fernsehen,1
Festplatte,1
Festplatten,1
Fibonacci,4
FileInputStream,2
FileNotFoundException,2
FileOutputStream,2
FileReader,13
FileWriter,7
FileWriters,1
FillRowKarel,5
Filzbrett,7
Filzrechtecke,1
Filzsortiment,1
Filzteilchen,1
Filzteile,1
Filzteilen,3
FirstButton,3
FirstKarel,1
FlappyBall,1
FlippedImage,1
Flocking,1
Flocking_,1
FlowLayout,3
Flugzeug,3
FlyTunesStore,1
Folgenden,2
Fontgröße,1
ForceTutorial,2
Fortpflanzung,1
Fraktale,1
Framerate,1
Franconian,1
Frankfurt,1
Freizeit,2
Fränkischen,1
Fränkisches,1
Frühling,1
Frühstückstisch,1
Fundament,1
Funktion,4
Funktionalität,1
Funktionsfähigkeit,1
GAsteroid,4
GCompound,10
GFillable,11
GObjects,14
GPolygon,29
GPolygons,2
GResizable,1
GScalable,1
GSkyscraper,5
GSpaceShip,14
Galgenmännchen,3
GameLoop,22
GameOfLife,1
Ganzzahl,4
Ganzzahldivision,5
Ganzzahlen,9
Gedankenlesen,1
Gegensatz,1
Gegenstand,1
Gegenstände,2
Gegenstück,2
Gegenteil,2
Geheimnisse,1
Geheimsprache,1
Gehirnschmalz,1
Geldbetrag,1
Genauigkeit,2
Generation,1
Generator,1
Geometry,5
GeometryConstants,3
GeometryObstacle,3
GeometryRun,3
Gerichte,4
Gesamtproblem,1
Gesamtzahl,1
Geschafft,1
Geschichte,1
Geschossen,1
Geschwindigkeit,23
Geschwindigkeiten,4
Gespeichert,1
Gestalten,1
Gewonnen,1
Giordano,1
Giordano_Bruno,1
Gleichheit,3
Gleichung,1
Gleitkommazahl,1
Gleitkommazahlen,5
Glücklicherweise,1
Glücksspiel,1
Glückwunsch,2
GoodMorningKarel,3
Grafiken,2
Grafikkenntnisse,1
Grafikklasse,1
Grafikklassen,2
Grafikmodell,2
Grafikobjekte,2
Grafikobjekten,1
Grafikprogramm,1
Grafikprogramme,2
Grafikprogrammen,3
Grafikprogrammierung,1
Grafikprojekte,1
Grafikteil,1
Grafisch,1
Grafische,1
Graphics,4
GraphicsProgram,25
GraphicsProgramm,1
GraphicsProgramme,1
GraphicsPrograms,2
Graubild,2
Gravitationsgesetz,1
GrayImage,1
GrayImageXOR,1
Gretchen,1
GridLayout,6
Grobstruktur,2
Großbuchstabe,2
Großbuchstabem,1
Großbuchstaben,9
Großbuchstabenversion,1
Großeltern,2
Großelternklasse,2
Grundgerüst,1
Grundlage,2
Grundlagen,2
Grundpfeiler,1
Grundrechenarten,1
Guthaben,2
HEIGHT_OFFSET,1
Handling,2
Harmonie,1
HashMap<String,14
HashMaps,5
Hauptprogramm,1
Hausaufgabe,2
Hausaufgaben,3
Hausnummer,1
Haustier,1
HelloWorld,3
Helsinki,1
Hierarchie,3
Hilfreich,1
Hilfsklasse,1
Hindernis,1
Hintergrund,2
Hintergrundfarbe,3
Hintergrundraster,1
Hinweise,1
Hinzufügen,1
Histogram,2
Histogramm,2
Historical,1
Hochhaus,1
Hochhäuser,1
Hochschulbibliothek,3
Hochschule,5
Hochschulen,1
Horizont,1
Hyperraum,1
Hyperspace,1
Hänschen,1
Häufigkeit,1
Hübschere,1
IMMUTABLE,1
INFORMATION_MESSAGE,2
IODialog,1
IOException,1
Idealerweise,1
Identifizieren,1
ImageFilterMatrix,1
ImageFilterSimple,1
Immatrikulationsnummer,1
Immutability,3
Implementierung,1
Implementierungscode,1
Increment,2
Individuen,1
InfiniteLoopKarel,2
Informatik,1
Information,9
Informationen,3
Inhaltes,1
Initialisierung,1
Inkement,2
Inkrement,2
Insgesamt,2
InstanceVariables,1
Instanzarray,1
Instanzvariable,27
Instanzvariablen,37
Institute,1
Integer>,7
InteractiveMenuProgram,2
Interactor,1
Interaktor,1
Interaktoren,1
Interessant,8
Interessanterweise,4
Interface,16
Interfaces,12
International,1
Internet,2
Internetprogrammierung,1
Introduction,4
Invaders,1
Inzwischen,1
Iteration,3
Iterationen,2
JButtons,6
JCheckBox,7
JComboBox,5
JOptionPane,5
JRadioButton,7
JTextArea,5
JTextField,17
Jahrhunderts,1
Jahrzehnt,1
Journals,1
JumpAndRun,2
Kalorien,1
Kaninchen,4
Kantenerkennung,1
Kapiteln,3
Kapitels,4
Kassierer,2
Kenntnisse,1
KeyEvent,9
KeyEvents,5
KeyListener,11
Kilometer,1
Kindergarten,2
Kinderklassen,3
Klammern,15
Klassendeklaration,2
Klassenhierarchie,1
Klassennamen,1
Klassiker,4
Klassische,1
Klauseln,1
Klausuren,2
Klaviatur,1
Kleinbuchstaben,8
Kleinigkeit,1
Kleinschreibung,2
Klötzchen,2
Kollision,6
Kollisionen,12
Kombinationen,1
Kommando,12
Kommandos,15
Kommentar,3
Kommentare,9
Kommentaren,1
Kommunikation,1
Komponenten,4
Komposition,18
KonsolenFenster,1
Konsolenanwendung,1
Konsolenanwendungen,1
Konsolenfenster,5
Konsolenprogramm,6
Konsolenprogramme,4
Konsolenprogrammen,2
Konsolenteil,2
Konsonant,1
Konsonanten,2
Konsonantenschrift,1
Konsonantenschriften,1
Konsonantenschwächung“,1
Konstante,3
Konstanten,20
Konstrukt,1
Konstrukter,1
Konstruktor,19
Konstruktors,1
Konstuktor,6
Kontrolle,2
Konvention,1
Konventionen,1
Konversation,1
Konvertierung,2
Konzepte,1
Koordinate,4
Koordinaten,3
Koordination,1
Kopplung,1
Krankenhaus,1
Kreditsumme,1
Kreidefelsen,1
Kreiszahl,1
Kriterium,1
Kuchendiagram,1
Kuchendiagramme,1
Kunstwerk,1
Kunstwerke,3
Kunstwerken,1
Kurzform,1
LABEL_COLORS,1
LANE_LENGTH,2
Languages,2
Latitude,1
Latitude_and_longitude_of_cities,1
Laufschrift,1
Laufzeit,1
LayoutManager,1
LeapYear,2
Lebensmonat,1
Lebensunterhalt,1
Leertaste,7
Leerzeichen,3
Leerzeichens,1
Lehrzeichen,2
Leistungspunkte,3
Lieblingbuchstabe,1
Lieblingbuchstaben,1
Lieblingsauto,2
Lieblingsessen,1
Lieblingssatzzeichen,1
Lifetime,1
List<Double>,1
List<String>,6
List<String>>,1
Lizenzgeber,1
LocalVariables,3
LumberjackKarel,1
MAX_SIZE,1
Macintosh,1
Manchmal,10
Mandelbrot,5
Manipulation,1
Map<String,3
Markieren,2
MarsLander,6
MarsLander2,1
MarsLanders,1
Marsoberfläche,1
Maschine,3
Material,5
Mathematiker,3
Matheunterricht,1
Matrikelnummer,2
Matrixmultiplikation,1
Matrizen,1
Mauerstein,2
Mauersteinen,1
Mausbewegung,1
Mausklick,1
Mausklicks,1
Maustaste,4
Maustasten,2
Mechanik,1
MediaEngineering,1
Meetings,1
Mehrdimensionale,1
Mehrfachvererbung,3
Mehrzeilentext,1
Meistens,1
Melodien,1
Menschen,6
Menupunkten,1
Mercedes,4
Merkmale,1
Methoden,95
Methodendeklaration,1
Methodologies,3
Methodology,5
Microsoft,1
Millionen,1
Millisekunden,5
MindReader,3
MindReaderPredictor,4
Mindestens,2
MineSweeper,1
MinesClone,7
MinesConstant,5
MinesHelper,3
Minesweeper,2
Mischlingwerkes,1
Mischung,1
Mittelpunkt,1
Mittelstreifen,1
Mittelteil,1
Mitternacht,2
Momentan,2
Monatsnamen,1
MonthName,2
MorgenMilch,1
MouseEvent,14
MouseEvents,3
MouseListener,6
MouseTracker,1
Multimediaapplikationen,1
MultipleChoice,1
Multiplechoice,1
Multiplikation,1
Multiplizieren,1
Musikprogramm,1
Möglichkeit,5
Möglichkeiten,3
Münzwurf,1
NR_OF_LANES,1
NR_OF_OBSTACLES,1
NUMBER_OF_MINES,1
Nachbarn,9
Nachricht,5
Nachrichten,5
Nachteil,2
Nachteile,1
Nachwuchs,1
Namensliste,2
Namensnennung,1
Natürlich,17
Navigations,1
Nebenbei,1
Neumanns,1
Nishikado,2
Normalerweise,2
Notenverteilung,1
November,1
NullPointerException,1
NumberFormatException,1
NumberGuess,2
NumberGuessConsole,4
NumberGuessLogic,6
NumberGuessLogicImpl,3
Nuremberg,4
Nächstes,1
Nürnberg,4
Nützliches,1
OBSTACLES_SIZE,2
OBSTACLES_SPEED,1
OKCancel,1
ObjectInputStream,3
ObjectOutputStream,4
Objekten,6
Objektes,1
Objektorientierte,1
Objektorientierung,7
Offensichtlich,2
OlympicGames,1
Olympic_symbols,1
Operanden,2
Operation,1
Operationen,3
Operator,17
Operatoren,11
Operators,2
Operatorvorrangsregeln,1
Optionen,1
Orientierte,5
Orientierung,3
Original,8
Ostereier,2
PADDLE_SEPARATION,1
PADDLE_VY,1
PIXEL_PER_FIELD,2
PIXEL_PER_TILE,3
Palindrom,2
Palindrome,3
Parameter,19
Parametern,1
Paremeter,1
PartyKarel,1
Paschitnow,1
PasswordCreator,1
Passwort,3
PatrolBoat,2
Pausieren,1
Permission,1
Personen,1
Pfeiltaste,6
Pfeiltasten,1
Philosophie,1
PhoneBook,3
Phönizier,1
PianoConsole,1
PieChart,1
PigLatin,1
Planeten,5
Platform,3
Platform_game,1
Politiker,1
Polygone,2
Polymorphie,2
Polymorphism,2
Polymorphismus,3
Population,2
Posiiton,1
Position,41
Positionen,2
Positionierung,1
PostCondition,1
Postdoctoral,1
PreCondition,1
Predictor,2
Predictors,1
Previous,1
Prinzipiell,1
Prinzipien,5
Priorität,1
Problemchen,1
Probleme,7
Problemen,2
Problems,2
Professor,5
Programm,82
Programmcode,1
Programme,12
Programmen,3
Programmes,1
Programmieren,8
Programmierer,1
Programmierfehler,1
Programmierkenntnisse,1
Programmierproblemen,1
Programmierschritte,2
Programmierung,4
Programming,12
Programms,7
Programmstruktur,1
Projekte,15
Projekten,6
Projektmanagement,1
Protokoll,2
Prozentzeichen,1
Psychotherapeuten,1
Punctuation,1
Punktzahl,2
PyramidKarel,2
Pyramide,1
Pyramiden,1
Quadratzahlen,1
QuantQuote,2
Quellcode,2
Question,6
RAINBOW_COLORS,2
RAINBOW_NR_OF_COLORS,1
RGBColor,1
Radiobuttons,7
Randdicke,1
RandomCircles,1
RandomGenerator,25
RandomSquares,1
RandomText,1
Raumschiff,20
Raumschiffs,1
ReadFromFile,2
ReadOneChar,2
Rechenmaschine,1
Rechners,1
Rechteangaben,1
Rechteck,20
Rechtecke,11
Rechtecken,3
Rechtecks,1
Rechtsverschiebungs,1
Reduzierung,1
Referenz,3
Referenzen,16
Reflektieren,1
Reflektion,1
Regenbogen,1
Regionen,5
Reguläre,4
Reichweite,1
Reihenfolge,5
Rekursion,4
Remainder,3
Requirements,1
Research,1
Resizing,1
Restwert,14
Restwertoperator,1
Resultat,11
Resultate,1
Rhythmus,1
Richtlinien,2
Richtung,9
Richtungen,1
RobinHoodKarel,2
Rotwerte,1
Rückgabewert,21
Rückgabewerte,2
Rüstzeug,1
SHIP_SIZES,2
SP500_HistoricalStockDataMonthly,3
SPACE_SHIP_SIZE,19
SUN_MASS,3
SUN_SPEED,1
Samantha,2
SansSerif,4
Saturday,4
Satzstruktur,1
Satzzeichen,9
Schachbrett,1
Schachbrettmuster,1
Schachspiel,1
Schachtel,18
Schachteln,4
Schaltjahr,4
Schatztruhe,1
Schauspiel,1
Schauspieler,1
Scheifen,1
Schiffchen,1
Schiffe_versenken,1
Schiffen,1
Schiffsart,1
Schlangenlinien,1
Schlechtes,1
Schleife,39
Schleifen,6
Schließlich,5
Schlußwort,1
Schläger,7
Schlägers,1
Schlüssel,5
Schlüsselwort,1
Schnittstelle,4
Schnittstellen,1
Schreibarbeit,1
Schreibberechtigung,1
Schreiben,19
Schriften,1
Schriftstellers,1
Schriftsysteme,1
Schritte,12
Schritten,1
Schulter,1
Schwarmverhalten,2
Schweinen,1
Schwerefeld,1
Schwerkraft,4
Sechseck,1
Sechsecke,1
Sedgewick,5
Segmentanzeige,2
Segmente,1
Seitenanzahl,1
Sekunden,19
Selbstverteidigung,1
Semester,5
Semesters,1
Sensoren,8
Sentinel,3
Separation,1
September,1
SevenSegmentDisplay,9
SevenSegmentDisplayProgram,1
Sichtbarkeit,3
Siebensegmentanzeige,6
Siebensegmentanzeigen,1
SimpleCraps,1
Simulation,4
Simulationen,1
Simulator,1
Sinus_und_Kosinus,1
Skizzieren,1
Skyscraper,5
Skyscrapers,1
Software,7
Softwareentwicklung,1
Softwaretechnik,1
Sonderzeichen,3
Sooriamurthi,1
Sortieren,1
SpaceShip,2
Sparkassenformel,1
SpeedRace,1
Speichern,5
Spielbanken,1
Spieleklassiker,1
Spielerauswahl,1
Spielern,1
Spielers,3
Spieletyp,1
Spielfeld,15
Spielfeldes,1
Spielfelds,3
Spielprinzip,1
Spielstand,1
Spielstandes,1
Sprachen,7
Sprachen&oldid=147087583,1
Sprache“,1
Sprachform,1
Sprachtypologie,1
Spätestens,1
StackTrace,2
Standard,2
Stanford,9
StarWars,1
StateLookup,1
SteepleChaserKarel,1
Steganographie,3
Steinbreite,1
Steinform,1
Steinformen,2
Sternchen,2
Sternenhimmel,1
Steuerung,1
Stichwortverzeichnis,1
Stichwörtern,1
StockCanvas,8
StockCharter,2
StockDataBase,3
StockEntry,11
StockEntry>,2
Stockwerken,1
StopWatch,1
Stoppuhr,2
Stoppwort,2
Stoppwörtern,1
Strichen,2
Strichpunkte,2
StringTokenizer,23
Structures,1
Studenten,5
Studiengang,1
Studiengängen,1
Studierende,6
Studierenden,4
Stundenrhythmus,1
Stützpfeiler,3
Submarine,1
Substantive,4
Subtraktion,1
Sumpfplaneten,1
SuperKarel,6
Superklasse,3
Systemmethode,1
Tabellen,1
Taj_Mahal_,2
Taschenrechner,3
Tastatur,7
Tastatureingaben,1
Tastaturereignisse,1
Tastaturereignissen,1
Tastenereignisse,2
Tausendern,1
Technischen,1
Teilproblem,1
Teilprobleme,1
Teilprojekte,1
Teilstring,2
Telefonbuch,1
Telefonbücher,1
Telefonnummer,2
Telefonnummern,1
Telemarketing,2
Temperatur,1
Temperature,1
Testkandidaten,1
Testzweck,1
TextArea,1
Textdatei,2
Textdateien,2
Textdaten,1
Texteditor,1
Textfeld,1
Textfields,2
Textverarbeitung,1
Theoretical,1
TicTacToe,4
TicTacToeLogic,1
Tischtennis,1
TomSawyer,1
Tomatoes,1
Tomohiro,2
Tomohiro_Nishikado#Speed_Race,1
Toppings,3
Tornados,1
Touchdown,1
TrafficLight,2
Trennzeichen,2
Trotzdem,1
TruthTables*,1
TulipKarel,1
Tulpenpflanzen,1
Tulpenzwiebeln,1
Tunwörter,1
Tutorial,4
TwinkleTwinkle,2
Typologie,1
Typumwandlung,2
Uhrzeigersinn,1
Uhrzeiten,1
Ulysses_,1
Umgebung,3
Umgekehrt,4
Umkreisung,1
Umlauten,1
Umschalten,1
Umsetzung,1
Umständen,5
Umwandlung,1
Unabhängig,1
Unentschieden,1
Ungleichung,1
Universal,3
University,9
Universität,1
Universum,1
Unterklassen,1
Unterschied,19
Unterschiede,1
Unterstrich,1
Unveränderlichkeit,1
Ursprungsbildes,1
Ursprünglich,3
Variable,22
Variablem,1
Variablen,54
Variante,1
Varianten,1
Variationen,1
VariationenZumThema,1
Variations,1
Veranstaltung,2
Verantwortung,1
Verbesserung,1
Verbindung,3
Verbindungen,1
Vereinfachungen,3
Vererbung,19
Verfahren,1
Verfahrens,1
Verfügung,1
Vergessenheit,1
Vergleiche,2
Vergleichen,3
Verhalten,2
Verlassen,2
Vermeide,1
Verschlüsselung,1
Verschlüsselungsprogramm,1
Verständigung,2
Verständnis,1
Versuche,2
Versuchen,1
Verteilung,1
Vertices,2
Vertiefung,1
Verursacher,1
Verwendet,1
Verwendung,3
Verwirrung,1
Verwirrungen,1
Videospiele,1
Vielgestaltigkeit,1
Visualization,1
Vocabulary,1
VocabularyTrainer,2
VocabularyTrainerSwing,1
Vokabeln,3
Vollversion,1
Vorarbeit,1
Vorarbeiten,1
Vorfahren,1
Vorgefertigte,1
Vorgehensweise,1
Vorhersage,6
Vorhersagen,1
Vorlesung,11
Vornamen,1
Vorrangsregeln,2
Vorschein,1
Vorsicht,1
Vorteile,1
Vorzeichen,1
Wahlmöglichkeiten,1
Wahrheitstabellen,6
WallKarel,2
Warenkorb,21
Warenkörbe,4
Webseite,1
Wegstrecke,2
Weitergabe,1
Weizenbaum,1
Weltkarte,1
Wesentliche,1
Wiedersehen,1
Wiederverwendung,3
Wikipedia,16
WindowCleaningKarel,5
Wirklich,2
Wirtschaft,1
Wolkenkratzer,6
WordCount,2
WordGuess,2
WordTwist,2
WorldMap,1
Wortpaar,1
Wrappers,1
WritingKarel,1
Wundermethode,1
Wörterbuch,6
Wörterbücher,2
Würfelspiel,1
YardstickKarel,1
YearlyRate,1
YodaTalk,1
Yodische,1
Zahlenwerte,1
Zauberzahl,1
Zauberzahlen,3
Zeichenketten,2
Zeichenprogramm,1
Zeichens,1
Zeichnen,6
Zeilennummer,1
Zielbahnhof,2
Zielbahnhöfe,2
Zieldatei,1
Zielscheibe,1
Zinssatz,1
Zufallsfarben,2
Zufallsnamen,1
Zufallssatz,1
Zufallssätze,1
Zufallstext,2
Zufallszahl,8
Zufallszahlen,6
Zugehörigkeit,1
Zunächst,10
Zusammengefasst,1
Zusammenhang,1
Zuschauen,1
Zustände,1
Zuständen,2
Zusätzlich,10
Zuweisung,11
Zwillingsbrüder,1
Zwischenschritte,1
Zwischenzeit,1
Zählercode,1
\t\n\r\f,1
abbekommen,1
abbezahlt,1
abbilden,1
abbremsen,1
abcdefghijklmnopqrstuvwxyz,1
abfeuern,3
abgefangen,1
abgefeuert,1
abgehackt,1
abgeschlossenen,1
abgeschnitten,1
abgestimmtes,1
abhängen,1
abhängig,3
abschießt,1
abschrecken,1
absoluter,2
abspielen,2
abstrakter,1
abstreitet,1
abstürzt,1
abwechselnd,2
actionPerformed,16
addActionListener,1
addActionListeners,4
addArticleToCart,1
addComponentListener,1
addEntry,3
addKeyListener,1
addKeyListeners,3
addMouseListeners,7
addNewGuess,1
addThirteen,3
addVertex,13
addWindow,1
addWordToHashMap,1
addieren,5
akribisch,1
aktuelle,2
akzeptiert,1
alarmStarted,3
alarmTime,2
algorithms,2
allerdings,22
allgemein,1
allgemeine,1
alphabetisch,1
amercaay,1
analysieren,2
analysiert,1
analyzeForPunctuation,1
ananlysierende,1
anbringen,1
anderfalls,3
andernfalls,2
anderweitig,1
aneinanderfügen,1
anfangen,6
anfertigen,1
angeboten,1
angedeutet,1
angefangen,2
angegeben,1
angehängt,2
angekommen,2
angelegt,4
angemessene,1
angemessenen,1
angenommen,1
angesehen,1
angesprochen,1
angewandte,1
angewöhnen,1
angezeigt,5
angrenzenden,2
anhängen,4
animieren,3
animiert,3
ankommenden,1
anmelden,1
annehmen,3
anschauen,2
anscheinend,1
ansonsten,4
anspruchsvoll,1
anspruchvolles,1
anstehen,1
anstelle,16
anstellen,1
answersPnl,4
antesten,1
anwenden,2
anzeigen,4
anzugeben,2
anzugewöhnen,1
anzulegen,1
anzunehmen,1
anzuschauen,1
anzusehen,1
anzuzeigen,3
apluhomex,1
application,1
applyFilterToPixel,1
arbeiten,12
arbeitet,6
arbeitete,1
arrangieren,1
arrayFlipped,3
articles,4
artikelAuflisten,2
artikelInWarenkorbLegen,1
assoziative,1
assoziiert,1
asteroids,2
attraction,1
audioClip,5
aufbauen,2
aufdeckt,1
auffallen,1
auffangen,1
auffassen,1
aufgebaut,2
aufgebraucht,1
aufgedeckt,1
aufgefallen,1
aufgefordert,1
aufgerufen,5
aufgerufenen,1
aufgeteilt,1
aufgewacht,1
aufheben,3
aufhören,2
auflisten,16
auflistet,2
aufnehmen,1
aufnimmt,1
aufrufen,8
aufrufende,1
aufräumen,2
aufstehen,1
auftauchen,1
auftaucht,2
aufzuheben,1
aufzulisten,1
aufzurufen,1
aufzuzeichnen,1
aufzuziehen,2
augefüllte,1
augenscheinlich,1
ausdrucken,2
ausdrückt,1
auseinander,2
auseinandergesetzt,1
auseinanderschneiden,3
auseinandersetzen,1
ausführen,4
ausführlich,3
ausfüllen,1
ausfüllt,1
ausgeben,13
ausgeführrt,1
ausgeführt,11
ausgefüllt,5
ausgefüllter,2
ausgefülltes,2
ausgegeben,10
ausgehen,4
ausgehend,1
ausgelegt,1
ausgeliehen,2
ausgelöst,3
ausgerechnet,5
ausgesucht,1
ausgewertet,2
ausgewählt,3
ausleihen,1
ausmacht,1
ausprobieren,3
ausprobiert,1
ausrechnen,6
ausrechnet,1
ausschalten,2
ausschaut,1
ausschließlich,1
ausschneiden,1
aussehen,10
aussieht,4
auswendig,1
auswählen,5
auswählt,1
auszugeben,2
auszurechnen,2
auszutauschen,1
auszuwählen,2
automatisch,2
außerdem,2
außerhalb,2
basierte,1
basierten,1
bearbeitet,2
beauftragt,1
bedenken,1
bedeuten,1
bedeutet,29
beeindruckt,1
beeinflusst,1
beepersPresent,9
befinden,4
befindet,11
befolgen,1
befüllen,4
beginnen,25
beginnend,2
beginning,1
behalten,1
behandelt,1
behavior,2
behelfen,1
beherrscht,1
beibringen,3
beifügen,1
beigebracht,2
beinhaltet,2
beispielsweise,1
beizubringen,1
beizutragen,1
bekannten,1
bekommen,1
beliebig,7
beliebige,8
beliebigen,3
beliebiges,1
bemerken,1
benachbarte,1
benutzen,13
benötigen,39
benötigt,10
beobachten,3
berechnen,7
berechnet,9
bereinigt,1
bereiten,1
beschleunigen,4
beschreiben,5
beschreibend,1
beschreibt,1
beschränken,2
beschäftigen,8
beschäftigt,2
besonders,4
besprochen,2
besserem,1
bestehen,6
bestehend,3
bestiimmen,1
bestimmen,5
bestimmte,3
bestimmten,3
bestimmter,3
bestimmtes,2
besuchen,1
betrachten,8
betreten,2
betätigen,1
bevorzugen,4
bevorzugte,2
bewegende,1
bewerkstelligen,2
bezahlen,2
bezeichnet,4
bisherigen,1
bitweisen,1
bitweises,1
bleibenden,1
blockiert,1
blueRect,1
boolesche,2
booleschen,4
boolsche,1
boolschen,1
brauchen,17
britischen,1
bräuchten,1
btnNames,3
buildMultipleChoiceAnswers,2
buildNewHintWord,2
cBoxColorPicker,1
calculate,2
calculateFactorial,1
calculateNewVelocities,4
calculatePriceOfArticlesInCart,1
cascading,4
character,2
checkBounds,3
checkForCollision,15
checkForCollisionAsteroidWithSpaceShip,1
checkForCollisionAsteroidsWithWall,1
checkForCollisionBulletWithAsteroid,1
checkForCollisionBulletWithWall,1
checkForCollisionCarsWithWall,2
checkForCollisionSpaceShipWithWall,1
checkForCollisionWithObjects,2
checkForCollisionWithPaddleOrBricks,2
checkForCollisionWithWall,3
checkForCollisions,2
checkForCollisionsWithWall,5
checkVerticals,1
choosealicense,1
cleanOneSkyScraper,7
collisionWithTarget,1
collisionWithWalls,1
collisonObject,5
colorPicker,9
compareTo,1
componentHidden,1
componentMoved,1
componentResized,1
componentShown,1
computerGuess,1
computerMakePrediction,1
computerScore,1
condition,3
conditions,2
connections,3
constants,1
constructor,1
contains,7
containsKey,3
contract,2
convertSecondsInTime,1
convertTimeInSeconds,1
convertToStars,1
converting,1
convmatrix,1
countLinesInFile,1
countMines,1
countWords,1
counterChars,1
counterLines,1
counterWords,1
createBall,1
createBricks,1
createFilledCircle,1
createHintWord,2
createNewBrick,4
createNewObjects,1
createPaddle,1
createRGBPixel,3
createRandomFood,1
createRandomSentence,2
createRandomWord,3
creativecommons,1
credits=,1
currentFactor,3
currentFilter,4
currentLight,3
currentLight++,1
currentPlayer,4
currentQuestion,5
currentQuestion++,1
currentTimeMillis,1
darstellen,3
darstellt,1
darzustellen,4
dasselbe,2
dazugehörigen,1
dazwischen,1
definieren,5
deklarieren,7
deklariert,8
demonstriert,1
derjenige,1
derselben,1
description,1
desertblossomlearning,1
desserts,1
destination,3
deswegen,25
detaillierten,1
deutsche,2
deutschen,2
deutsches,1
diagonale,1
diceRoll,1
dictionary,10
didaktisch,1
dieselben,1
difference,1
dimensionalen,1
dimensionales,1
discoverEmtpyTiles,1
displayGameOver,3
displayNumber,3
dividieren,1
doppelten,1
doppelter,1
drastisch,1
drawCircle,3
drawConnection,1
drawEntries,1
drawFace,1
drawGrid,1
drawInitialField,1
drawInnerRing,1
drawLeftEye,1
drawLines,1
drawMiddleRing,1
drawMouth,1
drawOneRow,1
drawOneRowOfStones,1
drawOneTile,1
drawOuterRing,1
drawRightEye,1
drawRowOfNBricks,3
drawSeconds,1
drawWholeField,1
drawWindows,1
dreifach,1
druckbar,1
dunkelgrau,1
durchaus,4
durchdringen,1
durchfliegen,1
durchführen,1
durchgehen,3
durchiteriert,1
durchlaufen,3
durchmischte,1
durchmischtes,1
durchnummeriert,1
durchsuchen,2
dänischen,1
edgeDetect,1
edgeEnhance,1
editieren,2
effektiv,2
effektiver,1
effektivste,1
ehemaligen,1
eigentlich,44
eigentlichen,1
einander,1
einbauen,1
eindeutig,1
einfache,8
einfachen,8
einfacher,10
einfachere,4
einfaches,6
einfachste,1
einfachsten,4
einfallen,1
einfließen,1
einfügen,9
einführen,2
eingeben,8
eingefasst,1
eingefügt,4
eingeführt,1
eingegeben,6
eingegebene,1
eingelesene,1
einhauchen,1
einlassen,1
einlesen,5
einnehmen,1
einsammeln,1
einsatzbereit,1
einschließlich,1
einsetzen,2
einstellen,2
einthält,1
eintreten,1
eintritt,1
einzelnen,6
einzufügen,1
einzuführen,1
einzugeben,7
einzuhalten,1
einzulesen,1
einzuloggen,1
einzusammeln,3
einzusparen,1
einzustimmen,1
eleganter,2
elektronische,1
elektronischer,1
empfehlen,1
empfiehlt,1
endsWith,1
engadget,1
englisch,3
englische,3
englischem,1
englischen,5
englischer,1
englisches,2
englishLbl,1
entfernen,2
entfernt,5
entgegengesetzte,1
enthalten,7
entnehmen,1
entscheiden,1
entscheidet,1
entschlüsselt,1
entschlüsselten,1
entsprechen,1
entsprechende,1
entsprechenden,1
entspricht,6
entspringt,1
entstanden,1
entstehen,1
entsteht,1
entweder,10
entwickeln,2
entwickelt,2
entwickelten,1
erfahren,5
erfinden,1
erfolgen,2
erfunden,1
erhalten,11
erinnern,7
erinnert,2
erkennen,7
erkunden,2
erlauben,3
erledigt,5
erleichtern,1
erlernen,1
ermitteln,1
ermittlen,1
erninnern,1
eroberts,4
erreichen,8
erreicht,5
errichten,2
erscheinen,3
erscheint,4
erschien,1
ersetzen,2
erstellen,8
erstellt,1
erstmals,1
erwartet,1
erweisen,1
erweitern,1
erweitert,1
erwiesen,1
erwischt,1
erwähnen,1
erzeugen,19
erzielen,1
erübrigen,1
exception,1
exemplarisch,1
exisitierende,1
existieren,1
existierende,1
existierenden,4
existiert,11
exklusives,1
explizit,5
explodierte,1
expressions,1
extrahieren,1
factorial,1
factorialExample,1
fallenden,1
farbigen,3
fasziniert,1
feetToInches,14
fehlenden,3
feltstories,1
festgestellt,1
festlegen,1
feststellen,10
feststellt,4
festzulegen,1
festzustellen,4
fileName,8
fillWithRedColor,3
findEntry,3
fireBullet,4
flippedImage,1
folgende,28
folgendem,1
folgenden,36
folgender,3
folgendermaßen,2
folgendes,4
fomuliert,1
formatNumericString,1
formatiert,1
formulieren,1
fortfahren,1
for–Schleife,1
fourtyTwo,4
franconian,1
frankWalter,5
französische,1
französischen,1
freiwillig,1
frontIsBlocked,4
frontIsClear,9
fränkische,1
fungierten,1
funktionieren,10
funktioniert,24
geblockten,1
gebrauchen,3
gebrauchten,1
gecheckt,1
gedrückt,17
geeignet,3
gefressen,1
gefunden,1
gefährlich,1
gegebenen,5
gegebener,1
gegebenes,2
gegenseitig,1
gegenüber,4
gegenüberliegenden,1
geholfen,1
gekennzeichnet,1
geklickt,10
geknackt,1
gekommen,2
gelangen,2
gelistet,1
gelöscht,5
gemeinsam,2
gemeinsamen,1
gemeldet,1
genausoviele,1
generell,1
generieren,2
generiert,3
generierten,1
geniesen,1
genörgelt,1
genügend,2
geometrische,1
geometrischen,1
geordnet,1
geratene,1
geratenen,1
geringeren,2
geringfügig,2
germanTf,1
gesammelt,1
gesamten,2
geschaffen,1
geschafft,3
geschickt,1
geschieht,1
geschlossen,1
geschrieben,12
geschweiften,2
gespeichert,8
gespielt,1
gesprochen,1
gestartet,2
gesteckt,1
gestellt,3
gesteuert,1
gestochen,1
gestoßen,1
getActionCommand,3
getAudioClip,2
getButton,1
getCodeBase,2
getCredits,1
getDates,2
getDialog,1
getElementAt,12
getFillColor,1
getGreen,1
getHeight,7
getHours,1
getInstance,1
getKeyChar,2
getKeyCode,6
getMinutes,1
getPixelArray,2
getPrices,1
getSeconds,1
getSelectedIndex,1
getSelectedItem,2
getSource,3
getSymbol,2
getValue,1
getWidth,5
getragen,1
getrennt,1
getroffen,2
getrunken,1
gewissen,1
gewonnen,2
gewählte,1
gewünscht,2
gezeichnet,7
geändert,1
gleichem,2
gleichen,6
gleichzeitig,1
glücklicherweise,1
grafisch,1
grafische,3
grafischen,3
grafischer,1
grafisches,1
graphical,1
graphics,2
grayImage,1
grayscale,2
greenLight,1
gruppieren,1
größeren,1
guessWord,7
günstigen,1
halbieren,2
happyGrp,3
hardcoden,1
hasMoreTokens,3
hauptsächlich,2
herausfiltern,3
herausfinden,3
herausfordernden,1
herausgesucht,1
herauskommen,1
herausspringen,1
herauszufinden,1
herkommen,1
herschaltet,1
herumfliegenden,1
herumliegen,1
herunterfallen,1
herunterzufallen,1
hilfreich,3
hinausgehen,1
hindurchgehen,1
hineintun,1
hingegen,3
hingehören,1
hinlegen,4
hinpassen,1
hinschauen,1
hinschreiben,1
hintWord,9
hintereinander,1
hinterlässt,1
hinunterläuft,1
hinzuaddiert,1
hinzufügen,24
hinzugefügt,6
hinzukommen,1
hinzuzufügen,1
histogramData,3
historical,1
historische,1
hochläuft,1
hochpoppt,1
hoffentlich,2
holländische,1
holländischen,1
horizontal,1
horizontale,2
horizontalen,1
humanGuess,1
humanMakePick,1
humanScore,1
hypothetische,1
händisch,1
häufigsten,1
hübscher,1
idealerweise,1
identifizieren,1
identifiziert,1
identisch,7
ignoriert,1
implementieren,24
implementiert,4
implements,7
implizit,1
incrementCounter,1
incrementCredits,3
individuell,1
infinite,1
informiert,2
initBoard,2
initalisieren,1
initialisieren,16
initialisiert,8
initialzeDictionary,1
initialzeField,1
innerRing,4
innerhalb,10
insbesondere,1
insgesamt,1
inspiriert,10
instance,4
instanceof,1
instantiieren,1
intelligente,1
interagieren,2
interagiert,1
interaktiv,2
interessant,5
interessante,3
interessanten,1
interessanter,1
interessantere,1
interessieren,3
interessiert,2
interface,6
internen,1
interplanetaren,1
intialisieren,1
inzwischen,2
irgendein,2
irgendeiner,1
irgendetwas,2
irgendjemand,1
irgendwas,1
irgendwo,9
irgendwohin,1
isFilled,1
isLetter,1
isLetterOrDigit,1
isLowerCase,1
isMoveAllowed,1
isPalindrome,1
isSelected,4
isUpperCase,3
isWhitespace,1
italienisch,1
iteration,2
iteration++,1
iterieren,2
jahrelang,1
jedwedem,1
jeweilige,2
jeweiligen,8
johndcook,1
jährliche,2
katastrophal,1
kategorisch,2
kattekop,1
kennengelernt,17
kennenlernen,1
keyCounter,3
keyCounter++,1
keyPressed,13
keyTyped,2
keyboard,1
klassischen,1
kleinere,5
kleineren,1
klimpert,1
kodieren,1
kollidieren,1
kollidiert,1
komischen,1
kommenden,1
kommentieren,1
kommerziell,1
kommerzielle,1
kommnuizieren,1
komplett,3
komplette,1
kompletten,1
komplexe,3
komplexen,1
komplexere,1
kompliziert,10
komplizierte,1
komplizierten,1
komplizierter,5
kompliziertere,1
komposiert,1
konkretisiert,1
konstanter,3
konstruieren,5
konstruiert,1
konstuieren,1
kontinuierlich,1
kontolliert,1
kontrolliert,1
konvertieren,3
konvertiert,1
konzentrieren,1
kopieren,3
korrekten,1
kreiiren,6
kummulieren,1
kursiven,1
künstlerisch,1
langweilig,5
langweiliger,1
lateinischen,1
lautlichen,1
lebenden,4
ledWidth,1
lediglich,7
leftIsBlocked,1
leftIsClear,1
leftPaddle,1
leftRoof,2
lengthSecondHand,3
lesbarer,2
letzterer,1
licenses,2
liebsten,1
linksläufige,1
listArticles,2
logische,1
logischen,3
logisches,1
longitude,2
lowerWall,1
lustigen,1
lückenlose,1
magische,1
makeGuess,6
makePrediction,1
manchmal,15
manipuliert,1
markieren,3
markiert,2
mathematische,3
mathematischen,1
mathematischer,2
max_iteration,1
mehrdimensionale,1
mehrdimensionalen,1
mehreren,8
mehrmals,2
meistens,1
meistgespielte,1
menschenlesbare,1
middleLane,5
mindestens,5
mindreader,1
miteinander,1
mitgeteilt,1
mithilfe,3
mittleren,3
mitzuteilen,1
modifizieren,2
modifiziert,1
momentan,2
momentane,2
momentanen,4
monthName,2
motivierenden,1
motivierter,1
mouseClicked,3
mouseMoved,7
mousePressed,9
moveAsteroids,1
moveBall,11
moveBrick,2
moveBullet,4
moveByTenPixelToLeft,3
moveCars,2
moveDash,1
moveDownAndClean,3
moveObstacles,1
moveOver,3
moveRoad,2
moveSpaceShip,6
moveToWall,6
moveUpAndClean,3
moveWall,1
movingObject,5
movingObjects,1
multimediale,1
möglichen,13
möglicher,1
möglichst,5
mühselig,1
nachbauen,1
nachfolgende,1
nachhinein,1
nachlesen,1
nachlässig,1
nachmittags,1
nachsehen,3
nachvollziehen,1
nachwievor,1
nameList,5
natürlich,52
natürlichen,1
navigieren,1
navigiert,1
nebeneinander,3
nebenstehenden,1
nebensächlich,1
negative,4
neugeborenes,1
nextBoolean,2
nextColor,7
nextDouble,1
nextToken,5
niedriger,1
niedrigste,1
noBeepersPresent,3
normalen,3
normaler,1
normalerweise,5
normales,3
normieren,1
notfalls,1
notwendig,8
notwendigen,1
notwendigerweise,1
nrOfCharsInWord,2
numberOfBricks,1
nutzlosen,1
nutzloseste,1
nächsten,17
nächstes,21
nämliche,1
nützlich,10
nützliche,2
nützliches,1
objektorientierten,2
obstacles,6
offensichtlich,2
olympische,1
olympischen,2
openFile,2
operand1,5
operand2,3
operation,5
ordentlich,1
orientierte,1
orientierter,1
otherCars,2
padWithZeros,3
parameters,2
parseDouble,3
parseInt,5
parseLine,4
passende,1
passieren,6
passiert,10
password,1
perfekte,1
permanent,1
phoneBook,8
pickBeeper,7
pickGuessWord,3
pickRandomWord,1
piecharts,1
placeShip,1
platzieren,6
plazieren,2
plaziert,2
politiker,1
populären,1
posSpace,5
position,1
positionieren,1
positive,1
potentielle,1
praktisch,18
praktische,3
praktischer,1
praktischste,1
precedence,1
predictor,2
predicts,1
preisAllerArtikelImWarenkorbBerechnen,1
primitiven,5
princeton,1
printASCIITable,1
printChessBoard,1
printStackTrace,2
probieren,2
problematische,1
problematischen,1
problemlos,1
profitieren,1
programmieren,8
programmiert,5
promovierte,1
prozedurale,1
punctuation,4
putBeeper,15
putScoreInHistogram,2
pädagogische,1
quadratischen,2
qualifizieren,1
quantisieren,1
quantquote,1
question,3
questions,5
rBtnRect,1
randomSwap,1
rankommen,1
readChar,1
readDates,2
readDouble,6
readFromFile,1
readLine,16
readObject,2
readOneChar,2
readStateEntry,1
readStockPrices,3
readString,1
reagieren,4
realisieren,2
rechtlich,1
redLight,1
reduzieren,1
reduzierte,1
reference,1
refinement,1
reflektiert,5
relative,1
relevant,1
remainder,1
remaining,1
removeAll,3
removeVowels,1
reparieren,1
repariert,1
replaceAll,1
replaceFirst,1
repräsentiert,1
repulsion,1
requestFocus,2
resourcenschonender,1
revealPrediction,1
richtige,2
richtigen,5
rightEye,5
rightIsClear,1
rightPaddle,2
rollTheDie,3
romanisch,1
runterfallen,1
russischen,1
rückgängig,1
rückwärts,1
saveFile,2
schaffen,4
schicken,3
schlauer,1
schließen,7
schließlich,9
schmerzfrei,1
schneiden,2
schneidet,1
schnellst,1
schreben,1
schreibe,1
schreiben,89
schreibt,4
schriftlich,1
schrumpfen,1
schwarzem,1
schwarzen,2
schwarzes,1
schwerer,1
schwierig,1
schwieriger,1
schwierigste,1
schwimmen,1
schärfer,1
schätzen,1
scrambleWord,1
sechster,1
secondsHand,3
selbstständig,2
selbstständiger,1
sendToBack,1
sendToFront,1
sentence,3
serialisierte,1
setBackground,4
setColor,27
setCredits,1
setEndPoint,1
setFillColor,11
setFilled,18
setLabel,2
setLayout,5
setLocation,7
setPixel,2
setQuestion,3
setRandomWord,1
setSelected,1
setStartAngle,1
setSweepAngle,1
shipSize,1
shooting,1
showLabelAt,2
showMessageDialog,2
sichtbar,5
simulieren,1
simuliert,1
sinnvoll,1
sinnvolle,1
sinnvoller,1
skalieren,1
skaliert,1
skizzieren,1
skyscraper,2
skyscrapers,2
software,1
sogenannte,3
sogenannten,3
sortiert,1
sozusagen,5
spaceShip,30
spaceShips,2
speichere,1
speichern,18
speichert,1
speziell,2
spezielle,1
spiegeln,1
spiegelt,1
spielerische,1
standing,2
stanford,10
startEngine,2
stateInitial,2
stateName,2
statements,2
statisch,1
statistische,1
statistischen,1
stepwise,1
steuerbar,1
streitet,1
stressed,2
students,1
substring,11
subtrahieren,2
subtrahiert,1
symbols“,1
tatsächlich,1
tauschen,1
technisch,1
technische,1
teilnehmen,1
teilweise,3
telemarketing,1
textbasiert,1
textbook,1
tfSymbol,2
theoretische,1
title=Abjad&oldid=704692935,1
title=Caesar_cipher&oldid=702242426,1
title=Design_by_contract&oldid=700763992,1
title=ELIZA&oldid=704986757,1
title=HSL_and_HSV&oldid=694879918,1
title=Karel_%C4%8Capek&oldid=148374315,1
title=Pidgin,1
title=Pig_Latin&oldid=149209295,1
title=Sparkassenformel&oldid=143971427,1
title=Sprachtypologie&oldid=149705787,1
title=Yin_und_Yang&oldid=149503099,1
toLocaleString,1
toLowerCase,4
toRadians,4
toString,9
toUpperCase,4
tollsten,1
topping1,3
topping2,2
topping3,2
toppings,1
totalNrOfPunctuations++,1
trainieren,1
translate,1
translateFromEnglishToYodish,1
translateGermanToFranconian,1
translations,8
trotzdem,2
tschechischen,1
turnAllSegmentsOff,1
turnAround,2
turnLeft,21
turnRight,8
turnSegmentsOn,3
tutorial,3
typische,4
typisches,1
täuschen,1
umformen,1
umgekehrt,3
umgekehrten,1
umgewandelt,1
umkehren,1
umliegenden,1
umrechnen,1
umrechnet,1
umsetzen,1
umspannt,2
umständlich,1
umwandeln,3
umzudrehen,1
umzusetzen,1
umzuwandeln,2
unabhängig,2
unangenehm,1
unbedingt,2
unbesorgt,1
unendlich,2
unerwünscht,1
ungeeignet,2
ungefähr,1
ungefährlich,1
ungerade,5
ungewohnt,1
ungewöhnlich,1
unglücklich,1
unknownWords,2
unmöglich,1
unnötige,1
unproblematisch,1
unsichtbare,1
unterbringt,1
unterhalb,1
unternehmen,2
unternommen,2
unterrichte,1
unterrichtet,1
untersagen,1
unterscheiden,9
unterscheidet,4
unterschiedlich,2
unterschiedliche,1
unterschiedlichen,1
unterschiedlicher,3
untersten,1
unterstreichen,1
unterstütze,1
unterstützt,1
unterwegs,1
unversehrt,1
unveränderlich,2
unwahrscheinlich,1
unübersichtlich,1
upperFrontVertical,1
upperWall,1
ursprüngliche,1
ursprünglichen,1
userName,2
uttonbay,1
variables,4
variieren,1
veranlassen,1
veranlasst,2
veranschaulichen,1
verantwortlich,1
verarbeiten,1
verbales,1
verbinden,2
verbindet,1
verborgenen,1
verbrannt,1
verbreiten,1
verbunden,2
verdeckt,1
verdeutlichen,2
verdienen,2
verdient,2
verdoppeln,1
verdreifachen,1
vereinbaren,1
vereinfachen,3
verfolgen,1
verfügbare,1
vergangen,2
vergessen,3
vergleichen,6
vergleicht,2
verglichen,3
verhindern,3
verhindert,1
verketteten,1
verkürzen,1
verlangt,1
verlassen,8
verlaufen,1
verletzt,1
verliert,1
verloren,1
vermehren,1
vermehrt,1
vermeiden,5
vermutet,1
vernachlässigt,1
verpackt,1
verpflichten,1
verpflichtet,1
verreisen,1
verschachtelte,2
verschachtelten,1
verschieben,3
verschiebt,1
verschieden,2
verschiedene,15
verschiedenen,10
verschiedensprachigen,1
verschiedensten,1
verschlüsselt,1
verschlüsselten,1
verschoben,2
verschwiegen,1
verschwinden,3
verschwindet,6
versehen,2
versenken,2
versetzt,1
verstecken,2
versteckt,3
verstehen,9
versteht,6
verstrichen,1
verständlich,1
versuchen,10
versucht,4
versuchte,2
vertauschen,3
vertauscht,2
verteilen,1
verteilt,4
vertiefen,2
vertieft,4
vertikal,1
vertikale,2
vertikalen,1
vertippt,1
vertraut,1
vertretbaren,1
vervielfältigen,1
verwalten,1
verwandelt,1
verwende,2
verwenden,113
verwendet,36
verändern,7
verändert,4
veränderter,1
veröffentlich,1
vielfältig,1
vielgestaltig,1
vielleicht,11
vielseitig,1
visibility,2
visualisieren,1
vocabulary,2
vollkommen,2
vollständig,1
voneinander,2
voneinandern,1
vorbeischaut,1
vordefinierter,1
vorderen,1
vorderste,1
voreingestellten,1
vorgeben,1
vorgefertigt,1
vorgefertigte,1
vorgegeben,1
vorgegebenem,1
vorgehen,2
vorgenommen,1
vorgesehen,1
vorgestanzte,1
vorgestellt,5
vorhanden,2
vorhergehenden,2
vorhergesagt,1
vorherige,1
vorherzusagen,1
vorkommen,1
vorkommende,1
vorkommt,4
vorletzten,1
vornehmen,2
vornherein,1
vorschlägt,1
vorselektiert,1
vorsichtig,2
vorstellt,1
vorwärts,3
vorzustellen,1
wahrscheinlich,5
waitForClick,2
weglassen,1
wegnehmen,1
weiteren,1
weiteres,3
weiterfallen,3
weitergehen,1
weiterhelfen,1
weiterläuft,1
weiterverbreiten,1
weiterverfolgen,1
weltweit,1
wenigsten,1
wenigstens,1
while–Schleife,1
wichtige,2
wichtiger,3
wichtigeren,1
wichtigste,8
wichtigsten,4
wiedergibt,1
wiederholen,2
wiederholt,3
wiederum,4
wiederverwenden,2
wiederzuerkennen,1
wieviele,10
wikipedia,40
wirklich,16
wordShown,2
wordToGuess,2
writeObject,2
wärmstens,1
wöchentlichen,1
yellowLight,1
zahllose,1
zahlreiche,2
zahlreichen,1
zeichnen,31
zeichnet,14
zentrales,1
zentriert,1
zerlegen,6
zerschneiden,1
zerstören,1
zerteilen,1
ziemlich,4
zufällig,10
zufällige,3
zufälligen,8
zufälliger,5
zufälliges,3
zugegriffen,3
zugewiesen,2
zugreifen,7
zukünftigen,1
zunächst,10
zurückfinden,1
zurückgeben,4
zurückgegeben,2
zurückgibt,4
zurückliefern,1
zurückliefert,2
zusammen,6
zusammenbauen,1
zusammengefasst,1
zusammengefügt,1
zusammengehören,1
zusammengehörtige,1
zusammengetan,1
zusammenhängen,1
zusammensetzen,1
zusammensetzt,2
zusammenzufassen,2
zusammenzustoßen,1
zuständig,1
zusätzlich,7
zusätzliche,1
zusätzlichen,1
zuzugreifen,2
zuzuweisen,2
zweidimensionale,2
zweidimensionales,4
zweigeteilte,1
zweitere,1
zwingend,1
zwingenderweise,1
zwischen,51
zwischendurch,1
Änderung,1
Änderungen,2
Überblick,1
Übergabe,1
Übergabeparameter,5
Übergang,4
Übermittlung,1
Überraschenderweise,1
Übersetzen,1
Übersetzung,6
Übersetzungen,2
Übersetzungsprogramm,1
Übersicht,1
ähnlichen,1
ähnliches,1
ärgerlich,1
äusseren,1
öffnenden,1
überdeckt,1
übereinander,1
übergeben,14
übergibt,5
überhaupt,4
überlagert,1
überlegen,9
überlegt,2
überlisten,1
übernehmen,1
übernimmt,1
übernächsten,2
überraschen,1
überraschend,2
überraschenderweise,1
überredete,1
überschreiben,3
überschrieben,1
übersetzen,2
übersetzende,1
übersetzt,5
übersetzte,2
überspringen,1
übersschreiben,1
übrigens,1
“DESSERT”,1
“PartyKarel”,1
“Yodish”,1
”STRESSED”,1
„Olympic,1
„Sparkassenformel“,1
„binnendeutsche,1
„fileName“,1
„fränkische,1
